Products,Specialist,Agency,Gov,Participants,Money,Date,Team
Photoshop,Eric,NGA,DOD,24,$41395.07,7/28/2017,Connect
Photoshop,Ryan,NRO,DOD,7,$95244.18,3/29/2017,Creative Cloud
Creative Cloud,Hunter,FBI,DOD,20,$12354.19,3/4/2017,Connect
Photoshop,Ashley,FEMA,SLG,10,$27615.15,5/26/2017,Creative Cloud
Captivate,Eric,DIA,DOD,5,$43451.17,4/29/2017,Connect
Creative Cloud,Hunter,NRO,DOD,19,$66385.31,4/2/2017,Connect
Acrobat,Gary,DIA,SLG,5,$25232.89,1/17/2017,Creative Cloud
Photoshop,Eric,FEMA,DOD,21,$74670.46,10/24/2017,Connect
Acrobat,Gary,CIA,DOD,13,$95994.98,10/7/2017,Creative Cloud
Illustrator,Hunter,FBI,SLG,24,$34210.89,3/12/2017,Connect
Acrobat,Hunter,NGA,SLG,18,$3499.64,10/18/2017,Connect
Illustrator,Ryan,DIA,CIV,5,$88060.19,1/12/2017,Creative Cloud
Illustrator,Hunter,CIA,CIV,16,$72884.39,9/27/2017,Connect
Creative Cloud,Ryan,CIA,SLG,22,$14029.21,4/24/2017,Creative Cloud
Creative Cloud,Eric,FEMA,DOD,8,$53377.06,4/15/2017,Connect
Captivate,Ashley,FEMA,SLG,19,$3844.08,6/20/2017,Creative Cloud
Acrobat,Ashley,NRO,CIV,11,$41573.74,6/16/2017,Creative Cloud
Illustrator,Eric,NGA,CIV,12,$56170.67,6/20/2017,Connect
Acrobat,Eric,NGA,CIV,22,$23579.05,12/5/2017,Connect
Captivate,Hunter,DIA,SLG,2,$54691.43,5/24/2017,Connect
Captivate,Gary,FBI,SLG,3,$93430.59,9/16/2017,Creative Cloud
Acrobat,Ryan,NRO,CIV,2,$99008.95,10/24/2017,Creative Cloud
Creative Cloud,Eric,NRO,DOD,1,$6338.67,8/16/2017,Connect
Creative Cloud,Hunter,FBI,SLG,12,$31040.62,4/13/2017,Connect
Illustrator,Ryan,FEMA,CIV,30,$81735.88,9/7/2017,Creative Cloud
Creative Cloud,Eric,CIA,DOD,24,$18701.83,6/1/2017,Connect
Photoshop,Ryan,DIA,DOD,5,$35543.04,9/22/2017,Creative Cloud
Photoshop,Ashley,CIA,DOD,16,$99663.61,12/18/2016,Creative Cloud
Acrobat,Hunter,FEMA,DOD,20,$10437.72,8/3/2017,Connect
Captivate,Hunter,FEMA,CIV,25,$60448.86,11/28/2017,Connect
Creative Cloud,Gary,NRO,DOD,14,$61418.57,4/1/2017,Creative Cloud
Photoshop,Gary,FBI,CIV,24,$13505.84,8/15/2017,Creative Cloud
Acrobat,Gary,FEMA,DOD,3,$81621.93,9/9/2017,Creative Cloud
Photoshop,Ryan,FBI,CIV,17,$94097.73,9/29/2017,Creative Cloud
Photoshop,Ashley,FEMA,DOD,14,$86974.31,12/23/2016,Creative Cloud
Photoshop,Gary,NRO,SLG,27,$88255.21,8/16/2017,Creative Cloud
Illustrator,Gary,CIA,SLG,13,$49905.31,4/25/2017,Creative Cloud
Creative Cloud,Gary,CIA,SLG,13,$46120.76,11/14/2017,Creative Cloud
Photoshop,Hunter,FBI,DOD,19,$2730.39,4/6/2017,Connect
Illustrator,Eric,FEMA,DOD,22,$20001.52,10/5/2017,Connect
Captivate,Ryan,NGA,DOD,27,$7880.74,3/16/2017,Creative Cloud
Acrobat,Ryan,NRO,CIV,26,$6008.24,12/4/2017,Creative Cloud
Illustrator,Ashley,CIA,DOD,5,$11568.57,12/15/2016,Creative Cloud
Acrobat,Hunter,CIA,SLG,6,$96228.50,11/27/2017,Connect
Photoshop,Ryan,FEMA,DOD,19,$45687.08,11/28/2017,Creative Cloud
Creative Cloud,Eric,DIA,SLG,24,$22114.84,2/10/2017,Connect
Captivate,Eric,NGA,CIV,22,$27725.72,5/15/2017,Connect
Creative Cloud,Ryan,NRO,DOD,10,$48069.77,12/7/2017,Creative Cloud
Illustrator,Hunter,FBI,CIV,20,$69140.57,8/3/2017,Connect
Acrobat,Gary,NGA,CIV,1,$56427.70,10/25/2017,Creative Cloud
Photoshop,Hunter,FBI,SLG,9,$16150.17,10/4/2017,Connect
Creative Cloud,Hunter,CIA,SLG,23,$24307.59,5/3/2017,Connect
Illustrator,Gary,NGA,SLG,21,$9745.90,8/20/2017,Creative Cloud
Creative Cloud,Gary,FEMA,DOD,15,$61572.74,5/5/2017,Creative Cloud
Illustrator,Ryan,CIA,CIV,15,$97272.58,5/23/2017,Creative Cloud
Photoshop,Hunter,FEMA,DOD,17,$32761.33,8/9/2017,Connect
Acrobat,Ashley,DIA,CIV,4,$29034.96,8/7/2017,Creative Cloud
Illustrator,Ashley,FBI,SLG,19,$2254.83,10/4/2017,Creative Cloud
Acrobat,Ashley,DIA,SLG,18,$70396.84,2/20/2017,Creative Cloud
Photoshop,Ashley,NRO,CIV,13,$51654.47,7/19/2017,Creative Cloud
Creative Cloud,Gary,DIA,SLG,17,$80436.42,9/12/2017,Creative Cloud
Acrobat,Hunter,CIA,SLG,22,$45828.27,12/15/2016,Connect
Acrobat,Gary,NRO,SLG,28,$62528.90,7/8/2017,Creative Cloud
Captivate,Hunter,FBI,SLG,9,$86929.25,12/9/2017,Connect
Illustrator,Ryan,NRO,CIV,19,$29344.72,4/4/2017,Creative Cloud
Creative Cloud,Eric,CIA,DOD,22,$27962.69,12/21/2016,Connect
Captivate,Hunter,NGA,SLG,14,$94033.67,6/6/2017,Connect
Illustrator,Eric,FBI,CIV,10,$38504.01,6/29/2017,Connect
Illustrator,Hunter,DIA,CIV,5,$27867.00,7/21/2017,Connect
Photoshop,Ashley,FEMA,CIV,21,$55864.54,10/3/2017,Creative Cloud
Captivate,Gary,NGA,SLG,15,$97063.57,4/19/2017,Creative Cloud
Creative Cloud,Hunter,FBI,DOD,4,$23100.13,10/31/2017,Connect
Acrobat,Eric,FEMA,CIV,19,$30623.67,11/27/2017,Connect
Captivate,Eric,FBI,DOD,18,$94572.73,6/3/2017,Connect
Captivate,Ryan,DIA,CIV,11,$61880.84,3/11/2017,Creative Cloud
Photoshop,Gary,FBI,DOD,3,$26526.75,9/28/2017,Creative Cloud
Photoshop,Ryan,CIA,SLG,24,$88465.32,9/21/2017,Creative Cloud
Photoshop,Hunter,NGA,DOD,20,$98165.02,7/22/2017,Connect
Acrobat,Hunter,DIA,CIV,22,$94894.02,11/28/2017,Connect
Photoshop,Ryan,DIA,SLG,10,$31228.30,3/15/2017,Creative Cloud
Photoshop,Gary,NGA,SLG,22,$39670.73,1/13/2017,Creative Cloud
Illustrator,Hunter,NGA,SLG,9,$35672.02,11/10/2017,Connect
Captivate,Ryan,CIA,DOD,14,$56235.56,3/15/2017,Creative Cloud
Illustrator,Hunter,FBI,DOD,5,$39924.70,12/8/2017,Connect
Illustrator,Ashley,FEMA,CIV,22,$20200.35,6/14/2017,Creative Cloud
Creative Cloud,Ryan,DIA,DOD,1,$51367.43,6/3/2017,Creative Cloud
Creative Cloud,Hunter,FEMA,CIV,8,$63415.79,9/7/2017,Connect
Creative Cloud,Gary,NGA,SLG,24,$16792.96,1/12/2017,Creative Cloud
Creative Cloud,Gary,CIA,SLG,10,$67546.07,10/13/2017,Creative Cloud
Captivate,Hunter,CIA,SLG,14,$46266.80,6/21/2017,Connect
Creative Cloud,Hunter,FEMA,SLG,21,$55360.15,4/23/2017,Connect
Acrobat,Hunter,CIA,SLG,28,$39601.62,7/31/2017,Connect
Creative Cloud,Hunter,NRO,CIV,1,$50893.77,5/25/2017,Connect
Illustrator,Eric,CIA,DOD,22,$2722.27,7/7/2017,Connect
Captivate,Ashley,NGA,CIV,8,$43850.52,3/11/2017,Creative Cloud
Illustrator,Ashley,NGA,DOD,2,$82777.81,6/21/2017,Creative Cloud
Captivate,Eric,CIA,CIV,29,$58230.53,5/16/2017,Connect
Illustrator,Ashley,FEMA,DOD,20,$52492.89,9/4/2017,Creative Cloud
Illustrator,Eric,DIA,CIV,20,$64966.05,1/1/2017,Connect
Captivate,Ashley,FBI,SLG,10,$18386.50,2/21/2017,Creative Cloud
Acrobat,Gary,NGA,DOD,27,$49239.27,8/3/2017,Creative Cloud
Acrobat,Gary,NGA,SLG,21,$9637.62,3/3/2017,Creative Cloud
Captivate,Eric,CIA,CIV,22,$95525.75,4/22/2017,Connect
Acrobat,Ryan,DIA,SLG,16,$68892.86,4/8/2017,Creative Cloud
Creative Cloud,Gary,NRO,SLG,27,$90164.85,4/16/2017,Creative Cloud
Acrobat,Ashley,NRO,DOD,25,$55151.48,12/2/2017,Creative Cloud
Creative Cloud,Gary,CIA,SLG,1,$36862.36,12/21/2016,Creative Cloud
Photoshop,Hunter,CIA,DOD,15,$42610.90,7/12/2017,Connect
Acrobat,Ryan,NGA,DOD,22,$37666.25,8/11/2017,Creative Cloud
Acrobat,Gary,CIA,SLG,27,$55131.98,1/12/2017,Creative Cloud
Acrobat,Ryan,NGA,DOD,2,$12042.13,10/10/2017,Creative Cloud
Creative Cloud,Gary,FEMA,SLG,11,$78249.75,2/2/2017,Creative Cloud
Illustrator,Hunter,CIA,SLG,12,$2989.20,8/17/2017,Connect
Acrobat,Gary,NGA,CIV,3,$52256.10,5/1/2017,Creative Cloud
Photoshop,Ashley,CIA,CIV,1,$61617.69,4/22/2017,Creative Cloud
Captivate,Ashley,NRO,SLG,22,$80314.66,3/6/2017,Creative Cloud
Creative Cloud,Hunter,FBI,DOD,26,$39962.59,4/12/2017,Connect
Captivate,Hunter,CIA,SLG,3,$39765.74,3/29/2017,Connect
Photoshop,Gary,NRO,SLG,13,$49495.60,4/1/2017,Creative Cloud
Captivate,Hunter,FBI,DOD,22,$45217.71,1/30/2017,Connect
Acrobat,Hunter,DIA,CIV,1,$79805.53,7/10/2017,Connect
Acrobat,Gary,FEMA,SLG,19,$76755.45,3/5/2017,Creative Cloud
Acrobat,Ashley,NRO,CIV,6,$89077.83,5/4/2017,Creative Cloud
Acrobat,Hunter,CIA,SLG,18,$61000.25,10/4/2017,Connect
Photoshop,Gary,FBI,DOD,2,$38865.29,5/12/2017,Creative Cloud
Illustrator,Ryan,CIA,CIV,8,$32052.30,4/19/2017,Creative Cloud
Captivate,Ryan,FEMA,DOD,16,$92232.34,11/13/2017,Creative Cloud
Acrobat,Eric,NRO,CIV,22,$56798.22,9/28/2017,Connect
Acrobat,Ryan,CIA,CIV,17,$80343.08,6/20/2017,Creative Cloud
Creative Cloud,Eric,FEMA,DOD,9,$49818.04,4/17/2017,Connect
Illustrator,Eric,NGA,DOD,21,$47898.57,1/2/2017,Connect
Photoshop,Ashley,FEMA,SLG,30,$52846.11,12/30/2016,Creative Cloud
Acrobat,Ryan,FBI,CIV,1,$14514.26,9/2/2017,Creative Cloud
Acrobat,Ashley,DIA,DOD,21,$86079.92,8/27/2017,Creative Cloud
Creative Cloud,Ryan,NGA,CIV,12,$76433.18,11/13/2017,Creative Cloud
Photoshop,Ashley,NRO,SLG,24,$71284.20,9/12/2017,Creative Cloud
Illustrator,Eric,FEMA,CIV,24,$77297.78,6/5/2017,Connect
Creative Cloud,Ashley,DIA,DOD,7,$23634.62,10/28/2017,Creative Cloud
Illustrator,Hunter,NRO,DOD,14,$53938.03,12/26/2016,Connect
Acrobat,Gary,DIA,CIV,25,$72564.94,11/5/2017,Creative Cloud
Creative Cloud,Gary,NGA,SLG,20,$54243.48,11/8/2017,Creative Cloud
Illustrator,Gary,FEMA,DOD,15,$88860.76,4/13/2017,Creative Cloud
Creative Cloud,Ashley,FBI,DOD,17,$57745.46,12/12/2017,Creative Cloud
Captivate,Hunter,NRO,CIV,3,$14977.52,5/26/2017,Connect
Creative Cloud,Ryan,CIA,DOD,24,$83025.68,10/22/2017,Creative Cloud
Creative Cloud,Hunter,NRO,DOD,22,$24532.04,9/5/2017,Connect
Illustrator,Ashley,DIA,SLG,13,$17945.68,1/19/2017,Creative Cloud
Creative Cloud,Ryan,DIA,SLG,20,$17090.35,10/3/2017,Creative Cloud
Creative Cloud,Hunter,CIA,CIV,14,$28070.60,4/17/2017,Connect
Creative Cloud,Hunter,NGA,SLG,11,$65361.49,4/3/2017,Connect
Acrobat,Gary,NRO,CIV,18,$58943.29,8/14/2017,Creative Cloud
Captivate,Ryan,NGA,CIV,22,$3889.66,9/22/2017,Creative Cloud
Captivate,Hunter,FBI,DOD,9,$99068.26,2/12/2017,Connect
Captivate,Ashley,FEMA,CIV,9,$82443.08,7/23/2017,Creative Cloud
Creative Cloud,Ashley,NRO,CIV,6,$23239.42,6/8/2017,Creative Cloud
Illustrator,Eric,FBI,DOD,10,$95968.71,4/3/2017,Connect
Photoshop,Ryan,NRO,CIV,8,$49007.91,6/11/2017,Creative Cloud
Photoshop,Gary,FEMA,SLG,21,$56251.86,1/6/2017,Creative Cloud
Photoshop,Ashley,NRO,DOD,20,$87166.16,4/28/2017,Creative Cloud
Illustrator,Hunter,DIA,CIV,12,$37443.11,4/11/2017,Connect
Acrobat,Gary,NGA,CIV,23,$98221.45,5/4/2017,Creative Cloud
Acrobat,Eric,NRO,DOD,19,$56702.72,10/20/2017,Connect
Photoshop,Ryan,DIA,DOD,25,$42556.24,2/17/2017,Creative Cloud
Photoshop,Ryan,NGA,DOD,21,$45716.92,7/3/2017,Creative Cloud
Illustrator,Eric,FBI,SLG,2,$50840.58,3/18/2017,Connect
Illustrator,Gary,NRO,CIV,10,$17377.27,11/14/2017,Creative Cloud
Photoshop,Ashley,DIA,DOD,10,$58350.87,5/10/2017,Creative Cloud
Photoshop,Eric,CIA,SLG,13,$22347.58,2/12/2017,Connect
Creative Cloud,Ryan,FBI,DOD,14,$30892.27,3/12/2017,Creative Cloud
Captivate,Eric,FBI,CIV,4,$27245.40,3/5/2017,Connect
Acrobat,Eric,FBI,SLG,1,$93626.43,4/18/2017,Connect
Captivate,Ashley,NGA,SLG,4,$17405.69,10/24/2017,Creative Cloud
Photoshop,Hunter,DIA,DOD,4,$87190.22,9/22/2017,Connect
Acrobat,Ryan,DIA,DOD,21,$49606.68,3/8/2017,Creative Cloud
Creative Cloud,Ryan,NGA,DOD,21,$4049.41,10/14/2017,Creative Cloud
Photoshop,Gary,FBI,SLG,15,$96064.54,6/14/2017,Creative Cloud
Acrobat,Hunter,FBI,DOD,8,$41233.07,4/1/2017,Connect
Creative Cloud,Eric,DIA,DOD,30,$98360.43,2/9/2017,Connect
Creative Cloud,Ashley,NGA,CIV,18,$41866.76,5/27/2017,Creative Cloud
Photoshop,Ryan,CIA,SLG,10,$84665.30,12/20/2016,Creative Cloud
Photoshop,Ryan,CIA,SLG,24,$50615.73,3/14/2017,Creative Cloud
Creative Cloud,Gary,FEMA,DOD,28,$56694.45,7/3/2017,Creative Cloud
Photoshop,Gary,DIA,CIV,28,$84966.52,6/4/2017,Creative Cloud
Acrobat,Ashley,NGA,DOD,23,$99528.80,10/6/2017,Creative Cloud
Photoshop,Ryan,FBI,CIV,20,$81312.76,2/23/2017,Creative Cloud
Acrobat,Hunter,FBI,DOD,6,$12530.44,11/25/2017,Connect
Captivate,Eric,NGA,SLG,14,$18659.00,5/24/2017,Connect
Acrobat,Ryan,FBI,DOD,27,$59042.53,9/17/2017,Creative Cloud
Acrobat,Ryan,FEMA,SLG,23,$94961.42,3/25/2017,Creative Cloud
Photoshop,Gary,FBI,CIV,26,$8583.28,6/14/2017,Creative Cloud
Captivate,Ryan,NRO,DOD,17,$80175.15,6/29/2017,Creative Cloud
Acrobat,Ashley,CIA,CIV,23,$47858.03,12/4/2017,Creative Cloud
Photoshop,Ashley,DIA,CIV,4,$79294.93,7/14/2017,Creative Cloud
Creative Cloud,Gary,CIA,CIV,16,$761.42,12/6/2017,Creative Cloud
Photoshop,Hunter,DIA,SLG,24,$74785.57,10/4/2017,Connect
Photoshop,Ashley,NGA,CIV,20,$75348.57,3/17/2017,Creative Cloud
Creative Cloud,Eric,DIA,CIV,6,$24558.08,8/7/2017,Connect
Acrobat,Ashley,FEMA,SLG,12,$24374.29,9/25/2017,Creative Cloud
Captivate,Ashley,DIA,SLG,28,$29304.88,8/21/2017,Creative Cloud
Captivate,Ryan,NGA,SLG,26,$18072.90,11/28/2017,Creative Cloud
Captivate,Hunter,NGA,DOD,12,$25245.36,2/6/2017,Connect
Illustrator,Ryan,FBI,SLG,25,$59470.48,5/26/2017,Creative Cloud
Acrobat,Hunter,NRO,DOD,23,$48272.88,10/28/2017,Connect
Photoshop,Ashley,CIA,SLG,12,$90212.19,5/16/2017,Creative Cloud
Creative Cloud,Ashley,FBI,SLG,22,$77965.74,2/26/2017,Creative Cloud
Illustrator,Ryan,DIA,DOD,29,$30812.86,9/17/2017,Creative Cloud
Captivate,Gary,FBI,SLG,1,$25461.85,12/24/2016,Creative Cloud
Illustrator,Ashley,DIA,SLG,26,$3516.15,12/27/2016,Creative Cloud
Captivate,Eric,NRO,SLG,30,$67928.34,10/28/2017,Connect
Illustrator,Eric,CIA,CIV,14,$5574.14,9/19/2017,Connect
Acrobat,Ryan,CIA,DOD,28,$43076.26,9/22/2017,Creative Cloud
Photoshop,Ashley,FEMA,CIV,5,$22212.16,2/6/2017,Creative Cloud
Acrobat,Hunter,NGA,DOD,19,$64954.60,12/19/2016,Connect
Creative Cloud,Ashley,DIA,SLG,14,$60785.27,9/15/2017,Creative Cloud
Acrobat,Ashley,FBI,DOD,28,$89397.20,6/6/2017,Creative Cloud
Photoshop,Gary,CIA,DOD,12,$29197.88,4/2/2017,Creative Cloud
Photoshop,Gary,CIA,SLG,28,$19449.16,5/2/2017,Creative Cloud
Captivate,Ashley,NGA,SLG,25,$16914.97,7/12/2017,Creative Cloud
Illustrator,Hunter,NGA,CIV,15,$56736.88,12/19/2016,Connect
Captivate,Gary,NGA,CIV,20,$13157.61,1/2/2017,Creative Cloud
Photoshop,Hunter,NRO,CIV,21,$50259.63,12/29/2016,Connect
Acrobat,Ryan,DIA,DOD,14,$75316.97,4/20/2017,Creative Cloud
Creative Cloud,Hunter,FBI,CIV,1,$32406.53,4/19/2017,Connect
Acrobat,Gary,CIA,DOD,9,$11333.21,9/1/2017,Creative Cloud
Illustrator,Ryan,NRO,DOD,13,$79725.93,6/25/2017,Creative Cloud
Illustrator,Eric,DIA,SLG,5,$39932.48,4/8/2017,Connect
Creative Cloud,Ashley,DIA,DOD,19,$15788.00,12/11/2017,Creative Cloud
Creative Cloud,Ashley,CIA,DOD,13,$51031.03,11/13/2017,Creative Cloud
Acrobat,Hunter,NRO,DOD,8,$68377.01,1/16/2017,Connect
Captivate,Hunter,FEMA,CIV,2,$62004.48,3/29/2017,Connect
Photoshop,Eric,FEMA,SLG,28,$9511.11,9/27/2017,Connect
Illustrator,Ashley,NGA,CIV,23,$7929.04,12/18/2016,Creative Cloud
Acrobat,Hunter,FBI,CIV,22,$89874.29,10/3/2017,Connect
Photoshop,Eric,CIA,CIV,28,$61375.38,7/20/2017,Connect
Creative Cloud,Ashley,CIA,CIV,5,$35607.97,4/13/2017,Creative Cloud
Captivate,Ashley,NGA,CIV,29,$28990.39,8/27/2017,Creative Cloud
Photoshop,Ryan,NGA,SLG,30,$33373.26,1/18/2017,Creative Cloud
Photoshop,Ashley,FBI,DOD,26,$68511.31,11/13/2017,Creative Cloud
Acrobat,Hunter,FEMA,DOD,30,$74957.27,1/24/2017,Connect
Illustrator,Hunter,NRO,SLG,7,$16218.30,7/16/2017,Connect
Acrobat,Eric,NRO,DOD,15,$4688.39,6/21/2017,Connect
Captivate,Ryan,CIA,SLG,28,$40383.89,2/21/2017,Creative Cloud
Creative Cloud,Gary,DIA,CIV,7,$84158.48,1/17/2017,Creative Cloud
Creative Cloud,Ashley,DIA,SLG,9,$17871.61,9/5/2017,Creative Cloud
Creative Cloud,Hunter,NGA,DOD,26,$47416.77,6/18/2017,Connect
Photoshop,Hunter,NRO,SLG,21,$30844.49,8/25/2017,Connect
Creative Cloud,Gary,DIA,CIV,7,$71792.73,1/31/2017,Creative Cloud
Photoshop,Hunter,NRO,DOD,4,$81773.07,3/29/2017,Connect
Creative Cloud,Eric,NRO,SLG,22,$846.97,10/6/2017,Connect
Acrobat,Gary,NRO,CIV,27,$50154.84,2/27/2017,Creative Cloud
Illustrator,Hunter,FBI,SLG,2,$52797.55,6/8/2017,Connect
Illustrator,Ashley,NGA,CIV,30,$38833.10,3/4/2017,Creative Cloud
Photoshop,Gary,NRO,DOD,22,$49270.38,3/9/2017,Creative Cloud
Captivate,Eric,NGA,DOD,29,$98580.38,8/29/2017,Connect
Acrobat,Ashley,FBI,SLG,13,$21005.53,1/11/2017,Creative Cloud
Creative Cloud,Ryan,NGA,SLG,27,$46287.69,6/20/2017,Creative Cloud
Creative Cloud,Hunter,CIA,DOD,27,$94474.68,3/19/2017,Connect
Acrobat,Ryan,FBI,SLG,28,$68048.61,8/14/2017,Creative Cloud
Captivate,Ashley,DIA,SLG,12,$96281.77,4/17/2017,Creative Cloud
Photoshop,Gary,NGA,SLG,19,$91842.15,9/18/2017,Creative Cloud
Captivate,Ashley,NGA,DOD,6,$93621.37,7/1/2017,Creative Cloud
Creative Cloud,Hunter,CIA,DOD,18,$94731.02,6/15/2017,Connect
Captivate,Eric,FBI,SLG,28,$97824.75,12/21/2016,Connect
Creative Cloud,Ryan,CIA,CIV,21,$38527.50,5/11/2017,Creative Cloud
Illustrator,Ryan,FBI,SLG,30,$46988.13,5/5/2017,Creative Cloud
Illustrator,Hunter,FBI,SLG,25,$84177.65,2/15/2017,Connect
Captivate,Ashley,FEMA,CIV,30,$54862.78,7/14/2017,Creative Cloud
Acrobat,Gary,CIA,DOD,6,$98888.04,7/15/2017,Creative Cloud
Illustrator,Eric,DIA,CIV,23,$2040.37,4/28/2017,Connect
Acrobat,Gary,FEMA,SLG,12,$94043.56,11/16/2017,Creative Cloud
Photoshop,Ryan,DIA,SLG,5,$20996.27,11/21/2017,Creative Cloud
Captivate,Ryan,NRO,DOD,21,$5107.15,6/21/2017,Creative Cloud
Creative Cloud,Hunter,FEMA,CIV,29,$78348.27,9/17/2017,Connect
Acrobat,Ryan,FBI,SLG,13,$74996.03,6/2/2017,Creative Cloud
Captivate,Hunter,FEMA,SLG,21,$64434.53,4/14/2017,Connect
Illustrator,Hunter,NGA,DOD,7,$35568.21,7/23/2017,Connect
Creative Cloud,Ashley,FEMA,DOD,6,$18426.22,2/27/2017,Creative Cloud
Acrobat,Hunter,FBI,CIV,19,$83007.93,12/4/2017,Connect
Creative Cloud,Ashley,NRO,DOD,7,$89779.26,2/7/2017,Creative Cloud
Captivate,Ryan,NRO,SLG,1,$43421.58,5/16/2017,Creative Cloud
Illustrator,Eric,NRO,DOD,21,$74477.80,12/20/2016,Connect
Illustrator,Hunter,FBI,DOD,25,$33509.19,7/27/2017,Connect
Acrobat,Hunter,FEMA,SLG,14,$7190.59,4/21/2017,Connect
Photoshop,Ashley,FEMA,SLG,30,$49205.73,9/20/2017,Creative Cloud
Illustrator,Gary,FBI,SLG,5,$28073.10,9/4/2017,Creative Cloud
Acrobat,Ashley,FBI,SLG,23,$71134.09,10/19/2017,Creative Cloud
Acrobat,Eric,DIA,DOD,6,$18255.40,12/15/2016,Connect
Captivate,Eric,FBI,DOD,28,$5403.80,2/22/2017,Connect
Acrobat,Ashley,FBI,SLG,27,$67645.75,8/15/2017,Creative Cloud
Photoshop,Eric,DIA,CIV,2,$94002.76,4/27/2017,Connect
Photoshop,Hunter,CIA,DOD,5,$30897.17,1/16/2017,Connect
Acrobat,Eric,NGA,SLG,22,$19335.59,10/6/2017,Connect
Acrobat,Hunter,FEMA,DOD,10,$89181.23,7/20/2017,Connect
Photoshop,Ryan,FBI,DOD,11,$37614.72,12/15/2016,Creative Cloud
Illustrator,Hunter,DIA,CIV,11,$91044.57,11/11/2017,Connect
Creative Cloud,Hunter,NRO,SLG,18,$27826.52,3/3/2017,Connect
Photoshop,Gary,DIA,DOD,11,$26945.44,4/12/2017,Creative Cloud
Captivate,Ashley,NRO,CIV,26,$88365.95,1/2/2017,Creative Cloud
Creative Cloud,Ryan,FBI,CIV,25,$28823.36,9/13/2017,Creative Cloud
Creative Cloud,Hunter,NGA,CIV,18,$87253.65,2/3/2017,Connect
Creative Cloud,Hunter,FBI,SLG,23,$57602.10,5/7/2017,Connect
Illustrator,Eric,NGA,SLG,27,$47328.98,8/4/2017,Connect
Illustrator,Eric,NGA,SLG,9,$40751.50,2/9/2017,Connect
Photoshop,Ashley,CIA,DOD,6,$19587.68,9/16/2017,Creative Cloud
Acrobat,Hunter,NGA,SLG,21,$34944.17,8/21/2017,Connect
Illustrator,Ashley,NGA,DOD,13,$27540.78,4/23/2017,Creative Cloud
Illustrator,Eric,FEMA,SLG,16,$98526.08,12/7/2017,Connect
Illustrator,Ashley,NRO,SLG,18,$97587.27,9/2/2017,Creative Cloud
Acrobat,Eric,NGA,CIV,22,$9318.26,12/5/2017,Connect
Acrobat,Gary,CIA,CIV,11,$96204.45,5/3/2017,Creative Cloud
Captivate,Ryan,NGA,DOD,29,$7766.74,8/10/2017,Creative Cloud
Photoshop,Ashley,NGA,CIV,15,$8537.93,2/2/2017,Creative Cloud
Illustrator,Ashley,FEMA,SLG,7,$15846.24,1/17/2017,Creative Cloud
Creative Cloud,Ashley,DIA,DOD,3,$84638.80,4/19/2017,Creative Cloud
Captivate,Gary,NRO,DOD,29,$11079.72,6/15/2017,Creative Cloud
Photoshop,Eric,FBI,SLG,13,$26129.52,1/2/2017,Connect
Captivate,Hunter,NRO,CIV,19,$1006.18,4/30/2017,Connect
Creative Cloud,Ashley,DIA,SLG,21,$28446.82,12/29/2016,Creative Cloud
Photoshop,Gary,NGA,SLG,15,$92925.03,5/29/2017,Creative Cloud
Creative Cloud,Eric,FEMA,DOD,11,$44800.72,3/31/2017,Connect
Illustrator,Ashley,FBI,DOD,17,$83787.83,6/19/2017,Creative Cloud
Creative Cloud,Ashley,CIA,DOD,13,$66894.96,3/8/2017,Creative Cloud
Photoshop,Ryan,NRO,CIV,27,$92896.81,12/24/2016,Creative Cloud
Illustrator,Ryan,NGA,DOD,8,$6425.53,3/10/2017,Creative Cloud
Illustrator,Hunter,FBI,DOD,20,$5170.05,6/1/2017,Connect
Illustrator,Hunter,CIA,DOD,16,$59443.62,7/4/2017,Connect
Photoshop,Gary,NRO,DOD,12,$65457.44,5/13/2017,Creative Cloud
Acrobat,Gary,CIA,SLG,1,$35946.52,12/15/2016,Creative Cloud
Photoshop,Gary,NRO,SLG,8,$88075.19,8/17/2017,Creative Cloud
Photoshop,Gary,CIA,DOD,21,$17541.68,1/22/2017,Creative Cloud
Creative Cloud,Gary,FBI,SLG,16,$76607.00,3/26/2017,Creative Cloud
Acrobat,Ryan,CIA,SLG,19,$87775.68,3/19/2017,Creative Cloud
Illustrator,Ryan,NGA,CIV,23,$42844.76,11/29/2017,Creative Cloud
Captivate,Ryan,DIA,SLG,13,$60013.72,3/4/2017,Creative Cloud
Acrobat,Gary,CIA,SLG,18,$81860.22,9/21/2017,Creative Cloud
Creative Cloud,Eric,DIA,SLG,24,$32419.79,12/5/2017,Connect
Acrobat,Eric,FEMA,DOD,14,$73123.98,4/23/2017,Connect
Creative Cloud,Gary,FEMA,DOD,8,$75543.57,6/21/2017,Creative Cloud
Creative Cloud,Ashley,FEMA,DOD,5,$29284.58,11/4/2017,Creative Cloud
Captivate,Ryan,NRO,SLG,9,$98447.33,10/4/2017,Creative Cloud
Captivate,Ryan,CIA,CIV,30,$64316.81,7/17/2017,Creative Cloud
Creative Cloud,Ashley,DIA,SLG,22,$87260.87,4/4/2017,Creative Cloud
Photoshop,Gary,NGA,CIV,28,$62422.57,10/24/2017,Creative Cloud
Illustrator,Ryan,NGA,DOD,3,$41614.88,3/17/2017,Creative Cloud
Acrobat,Ashley,FBI,CIV,6,$35473.57,1/6/2017,Creative Cloud
Acrobat,Gary,FEMA,DOD,6,$46346.55,4/13/2017,Creative Cloud
Captivate,Hunter,NGA,DOD,17,$36445.30,2/20/2017,Connect
Creative Cloud,Ryan,FEMA,SLG,26,$47809.54,4/25/2017,Creative Cloud
Illustrator,Gary,CIA,CIV,2,$70097.05,6/18/2017,Creative Cloud
Photoshop,Gary,NGA,DOD,15,$30805.97,4/14/2017,Creative Cloud
Acrobat,Hunter,NRO,DOD,8,$36249.83,3/11/2017,Connect
Illustrator,Ryan,FBI,SLG,17,$18998.50,6/20/2017,Creative Cloud
Illustrator,Ryan,CIA,CIV,26,$25679.74,10/18/2017,Creative Cloud
Photoshop,Ashley,NGA,DOD,24,$23795.27,9/30/2017,Creative Cloud
Captivate,Ashley,CIA,DOD,24,$59162.58,7/19/2017,Creative Cloud
Creative Cloud,Hunter,NGA,CIV,3,$75154.16,12/6/2017,Connect
Illustrator,Ryan,DIA,SLG,30,$72883.27,3/27/2017,Creative Cloud
Captivate,Eric,FBI,DOD,4,$77685.21,6/2/2017,Connect
Captivate,Eric,NRO,SLG,13,$76657.78,7/4/2017,Connect
Illustrator,Gary,FBI,SLG,1,$97037.43,9/6/2017,Creative Cloud
Photoshop,Eric,NGA,DOD,27,$26050.21,1/29/2017,Connect
Photoshop,Ryan,FEMA,CIV,23,$93876.28,6/8/2017,Creative Cloud
Photoshop,Ashley,NRO,CIV,1,$29297.67,1/21/2017,Creative Cloud
Captivate,Ashley,NGA,SLG,15,$17778.02,11/14/2017,Creative Cloud
Creative Cloud,Eric,NRO,SLG,14,$31970.39,8/18/2017,Connect
Photoshop,Hunter,NRO,CIV,6,$64998.60,12/7/2017,Connect
Captivate,Eric,FEMA,DOD,30,$41109.31,7/29/2017,Connect
Captivate,Eric,FEMA,SLG,28,$29230.23,4/26/2017,Connect
Captivate,Eric,NRO,DOD,4,$42812.57,10/17/2017,Connect
Captivate,Hunter,DIA,SLG,25,$95089.86,5/15/2017,Connect
Acrobat,Eric,NRO,CIV,3,$13270.06,10/2/2017,Connect
Illustrator,Eric,CIA,DOD,14,$53464.22,10/7/2017,Connect
Acrobat,Ashley,FEMA,CIV,14,$38414.69,6/14/2017,Creative Cloud
Captivate,Ryan,NRO,SLG,13,$27720.71,7/16/2017,Creative Cloud
Photoshop,Ryan,FBI,SLG,7,$54410.85,3/18/2017,Creative Cloud
Illustrator,Ryan,DIA,DOD,29,$90401.13,8/28/2017,Creative Cloud
Captivate,Eric,FEMA,CIV,17,$66412.84,8/31/2017,Connect
Captivate,Gary,FBI,SLG,8,$65012.44,8/5/2017,Creative Cloud
Acrobat,Hunter,NGA,DOD,5,$36845.94,6/20/2017,Connect
Creative Cloud,Gary,DIA,DOD,4,$6372.06,10/12/2017,Creative Cloud
Illustrator,Gary,NRO,DOD,28,$84160.18,2/18/2017,Creative Cloud
Illustrator,Eric,DIA,DOD,24,$71925.26,6/11/2017,Connect
Acrobat,Eric,DIA,SLG,27,$69705.27,11/5/2017,Connect
Acrobat,Ryan,NRO,DOD,13,$85296.56,11/2/2017,Creative Cloud
Captivate,Ashley,DIA,SLG,26,$42422.48,9/21/2017,Creative Cloud
Acrobat,Hunter,NRO,SLG,14,$69911.00,9/24/2017,Connect
Photoshop,Ryan,FEMA,DOD,13,$5632.52,11/1/2017,Creative Cloud
Illustrator,Eric,FEMA,DOD,14,$13214.93,6/29/2017,Connect
Illustrator,Gary,CIA,DOD,18,$18905.60,11/11/2017,Creative Cloud
Creative Cloud,Ashley,NRO,DOD,7,$86418.56,8/12/2017,Creative Cloud
Photoshop,Ashley,FBI,CIV,16,$25513.05,6/13/2017,Creative Cloud
Photoshop,Hunter,NGA,DOD,5,$86010.73,12/15/2016,Connect
Captivate,Eric,NGA,SLG,11,$9642.17,3/21/2017,Connect
Captivate,Hunter,NGA,CIV,4,$26650.09,5/30/2017,Connect
Captivate,Eric,NRO,CIV,10,$76376.64,4/30/2017,Connect
Captivate,Ashley,NGA,SLG,29,$28946.58,7/11/2017,Creative Cloud
Photoshop,Ashley,NRO,DOD,6,$51779.46,5/1/2017,Creative Cloud
Captivate,Ashley,CIA,SLG,2,$15646.01,1/25/2017,Creative Cloud
Acrobat,Eric,CIA,CIV,21,$14813.79,6/3/2017,Connect
Captivate,Ashley,FBI,DOD,3,$82584.10,8/6/2017,Creative Cloud
Captivate,Hunter,DIA,SLG,19,$54721.66,5/5/2017,Connect
Photoshop,Ashley,NGA,SLG,14,$27421.74,6/19/2017,Creative Cloud
Illustrator,Hunter,FBI,DOD,30,$62282.79,9/22/2017,Connect
Illustrator,Ashley,FEMA,DOD,12,$86782.13,11/30/2017,Creative Cloud
Acrobat,Ryan,FEMA,DOD,26,$31905.02,10/12/2017,Creative Cloud
Acrobat,Eric,DIA,DOD,12,$22009.39,10/16/2017,Connect
Photoshop,Ashley,FBI,CIV,16,$56873.70,2/26/2017,Creative Cloud
Photoshop,Ryan,FBI,DOD,9,$57701.98,9/14/2017,Creative Cloud
Illustrator,Ryan,FBI,SLG,21,$61500.02,8/5/2017,Creative Cloud
Illustrator,Hunter,FEMA,DOD,28,$45208.08,7/13/2017,Connect
Photoshop,Eric,FBI,CIV,30,$60137.04,5/29/2017,Connect
Acrobat,Ryan,NRO,SLG,22,$71955.65,7/14/2017,Creative Cloud
Acrobat,Eric,CIA,SLG,21,$56452.87,8/28/2017,Connect
Acrobat,Gary,FEMA,DOD,17,$72848.00,3/13/2017,Creative Cloud
Photoshop,Ashley,DIA,SLG,30,$76098.77,6/10/2017,Creative Cloud
Creative Cloud,Gary,FBI,SLG,16,$11279.38,4/5/2017,Creative Cloud
Captivate,Gary,DIA,DOD,14,$50235.89,6/6/2017,Creative Cloud
Illustrator,Ashley,NGA,SLG,29,$70716.55,12/23/2016,Creative Cloud
Acrobat,Ryan,NGA,SLG,11,$96711.52,6/23/2017,Creative Cloud
Captivate,Hunter,CIA,CIV,21,$59338.94,8/15/2017,Connect
Acrobat,Gary,NRO,CIV,20,$66163.51,7/28/2017,Creative Cloud
Captivate,Hunter,FEMA,CIV,11,$19002.92,1/29/2017,Connect
Photoshop,Hunter,CIA,CIV,29,$47067.43,3/7/2017,Connect
Acrobat,Gary,FEMA,DOD,28,$17189.26,8/2/2017,Creative Cloud
Captivate,Ryan,NGA,DOD,7,$65253.53,4/15/2017,Creative Cloud
Photoshop,Gary,NGA,SLG,13,$32455.82,6/13/2017,Creative Cloud
Captivate,Eric,NGA,DOD,20,$6390.36,6/2/2017,Connect
Captivate,Ryan,NGA,SLG,15,$86939.99,2/5/2017,Creative Cloud
Illustrator,Ryan,FBI,DOD,21,$18193.33,7/21/2017,Creative Cloud
Creative Cloud,Hunter,NRO,SLG,11,$54003.16,8/2/2017,Connect
Creative Cloud,Hunter,NGA,SLG,10,$90127.32,4/20/2017,Connect
Acrobat,Gary,NRO,SLG,19,$72375.79,9/12/2017,Creative Cloud
Acrobat,Hunter,FBI,DOD,18,$67683.07,8/20/2017,Connect
Acrobat,Ashley,NRO,SLG,21,$61167.79,12/16/2016,Creative Cloud
Acrobat,Gary,NGA,CIV,8,$54870.55,1/17/2017,Creative Cloud
Photoshop,Hunter,NGA,SLG,26,$75292.56,5/12/2017,Connect
Acrobat,Gary,NRO,DOD,15,$31368.86,7/15/2017,Creative Cloud
Photoshop,Ashley,DIA,DOD,3,$49490.97,9/3/2017,Creative Cloud
Acrobat,Ashley,NRO,DOD,18,$51272.86,7/24/2017,Creative Cloud
Photoshop,Ryan,FBI,DOD,1,$60024.73,11/12/2017,Creative Cloud
Captivate,Eric,FEMA,CIV,8,$77577.92,3/23/2017,Connect
Illustrator,Ashley,CIA,CIV,20,$79249.01,11/24/2017,Creative Cloud
Acrobat,Hunter,DIA,DOD,3,$60940.29,8/21/2017,Connect
Captivate,Ryan,FBI,DOD,17,$14574.14,5/13/2017,Creative Cloud
Creative Cloud,Ashley,DIA,SLG,7,$83321.40,2/12/2017,Creative Cloud
Acrobat,Hunter,NGA,DOD,4,$28547.24,3/2/2017,Connect
Acrobat,Ryan,DIA,DOD,4,$62327.25,12/27/2016,Creative Cloud
Illustrator,Hunter,FEMA,CIV,24,$88356.32,5/14/2017,Connect
Acrobat,Ryan,NRO,SLG,14,$58284.32,7/8/2017,Creative Cloud
Acrobat,Gary,DIA,DOD,6,$8951.61,11/16/2017,Creative Cloud
Captivate,Gary,DIA,DOD,21,$33387.23,4/17/2017,Creative Cloud
Photoshop,Hunter,DIA,CIV,4,$29161.06,6/12/2017,Connect
Illustrator,Eric,FBI,CIV,24,$69209.20,12/5/2017,Connect
Captivate,Ryan,DIA,DOD,8,$31791.58,6/27/2017,Creative Cloud
Captivate,Gary,FBI,SLG,24,$6557.36,1/21/2017,Creative Cloud
Acrobat,Hunter,NRO,SLG,18,$77907.28,4/3/2017,Connect
Creative Cloud,Ashley,NGA,CIV,18,$42424.49,9/17/2017,Creative Cloud
Acrobat,Ryan,NGA,SLG,23,$80531.82,12/17/2016,Creative Cloud
Creative Cloud,Ryan,NGA,SLG,11,$42503.19,1/18/2017,Creative Cloud
Acrobat,Ashley,FBI,SLG,26,$51799.22,4/21/2017,Creative Cloud
Creative Cloud,Ashley,NRO,DOD,12,$59704.89,2/18/2017,Creative Cloud
Photoshop,Eric,NRO,DOD,25,$64808.18,10/24/2017,Connect
Illustrator,Gary,NRO,DOD,4,$89548.32,12/6/2017,Creative Cloud
Photoshop,Eric,NGA,DOD,29,$64795.40,11/25/2017,Connect
Creative Cloud,Gary,FEMA,SLG,21,$78177.31,10/4/2017,Creative Cloud
Creative Cloud,Ryan,NGA,SLG,3,$59411.75,10/8/2017,Creative Cloud
Acrobat,Ryan,NGA,CIV,14,$27685.05,9/26/2017,Creative Cloud
Acrobat,Ryan,NGA,SLG,27,$62289.37,4/14/2017,Creative Cloud
Creative Cloud,Gary,CIA,CIV,16,$69664.54,11/12/2017,Creative Cloud
Acrobat,Ryan,DIA,SLG,6,$6790.29,10/5/2017,Creative Cloud
Captivate,Ashley,NGA,SLG,24,$17298.95,8/31/2017,Creative Cloud
Acrobat,Eric,FEMA,SLG,14,$79179.11,12/16/2016,Connect
Creative Cloud,Ashley,FEMA,SLG,23,$35621.81,1/26/2017,Creative Cloud
Captivate,Hunter,CIA,DOD,8,$39781.71,12/24/2016,Connect
Photoshop,Gary,NGA,DOD,15,$92474.48,3/24/2017,Creative Cloud
Illustrator,Eric,CIA,SLG,14,$15914.31,1/17/2017,Connect
Illustrator,Ashley,FEMA,SLG,27,$40266.51,1/17/2017,Creative Cloud
Acrobat,Gary,FEMA,SLG,5,$34447.17,10/7/2017,Creative Cloud
Illustrator,Eric,DIA,DOD,4,$98085.42,6/25/2017,Connect
Acrobat,Hunter,NRO,CIV,4,$84678.01,1/7/2017,Connect
Photoshop,Eric,DIA,DOD,3,$65823.71,1/25/2017,Connect
Captivate,Gary,NGA,SLG,27,$28987.95,8/10/2017,Creative Cloud
Captivate,Eric,FEMA,DOD,24,$19553.27,1/21/2017,Connect
Photoshop,Hunter,DIA,CIV,16,$18371.02,1/31/2017,Connect
Illustrator,Ryan,NRO,CIV,24,$6636.93,7/27/2017,Creative Cloud
Photoshop,Hunter,NRO,DOD,11,$79369.67,2/14/2017,Connect
Creative Cloud,Eric,NGA,CIV,18,$98043.54,2/18/2017,Connect
Creative Cloud,Ashley,NGA,DOD,30,$54070.80,1/20/2017,Creative Cloud
Captivate,Hunter,DIA,CIV,6,$34813.07,7/11/2017,Connect
Photoshop,Hunter,NGA,CIV,4,$34387.16,11/19/2017,Connect
Acrobat,Gary,CIA,DOD,16,$18654.50,1/23/2017,Creative Cloud
Captivate,Eric,CIA,DOD,25,$6835.98,6/16/2017,Connect
Acrobat,Gary,FEMA,SLG,9,$89045.22,8/19/2017,Creative Cloud
Photoshop,Ryan,NGA,SLG,28,$12914.37,12/30/2016,Creative Cloud
Captivate,Hunter,CIA,CIV,8,$1719.71,4/14/2017,Connect
Captivate,Hunter,DIA,SLG,10,$37812.07,8/1/2017,Connect
Illustrator,Eric,NGA,CIV,23,$30231.15,11/28/2017,Connect
Acrobat,Gary,FBI,CIV,30,$7490.46,3/27/2017,Creative Cloud
Photoshop,Hunter,FBI,SLG,8,$56576.42,6/11/2017,Connect
Acrobat,Gary,CIA,DOD,14,$28110.90,12/22/2016,Creative Cloud
Captivate,Gary,NRO,SLG,17,$23662.40,12/29/2016,Creative Cloud
Photoshop,Hunter,FBI,SLG,17,$22017.37,6/18/2017,Connect
Captivate,Ashley,NRO,SLG,27,$5512.87,10/4/2017,Creative Cloud
Illustrator,Ashley,FBI,SLG,12,$70128.54,11/5/2017,Creative Cloud
Captivate,Hunter,DIA,SLG,12,$90497.70,7/26/2017,Connect
Photoshop,Eric,FBI,DOD,17,$72198.61,6/7/2017,Connect
Photoshop,Hunter,FBI,DOD,18,$44067.17,9/10/2017,Connect
Photoshop,Hunter,DIA,CIV,15,$29175.50,1/30/2017,Connect
Captivate,Ryan,CIA,CIV,30,$28432.09,2/14/2017,Creative Cloud
Illustrator,Eric,FEMA,CIV,21,$29820.13,10/30/2017,Connect
Creative Cloud,Ryan,FBI,SLG,5,$26796.43,8/14/2017,Creative Cloud
Creative Cloud,Hunter,FEMA,SLG,25,$18293.19,2/15/2017,Connect
Creative Cloud,Hunter,NGA,DOD,5,$66508.54,10/12/2017,Connect
Creative Cloud,Hunter,NGA,DOD,28,$43519.43,10/24/2017,Connect
Captivate,Eric,NGA,DOD,11,$16000.92,7/20/2017,Connect
Photoshop,Hunter,DIA,DOD,18,$53486.80,8/30/2017,Connect
Acrobat,Gary,FEMA,SLG,21,$50303.43,10/6/2017,Creative Cloud
Creative Cloud,Gary,NGA,CIV,18,$95592.24,4/26/2017,Creative Cloud
Acrobat,Ashley,CIA,SLG,30,$25721.78,5/16/2017,Creative Cloud
Illustrator,Eric,DIA,DOD,30,$23660.77,7/2/2017,Connect
Photoshop,Hunter,DIA,CIV,23,$81095.59,10/26/2017,Connect
Creative Cloud,Ashley,FBI,DOD,24,$91682.75,4/27/2017,Creative Cloud
Photoshop,Eric,DIA,DOD,28,$52939.52,5/26/2017,Connect
Photoshop,Gary,CIA,CIV,5,$11647.32,12/1/2017,Creative Cloud
Captivate,Eric,FBI,CIV,9,$68089.79,8/1/2017,Connect
Acrobat,Gary,NGA,SLG,4,$70871.81,1/22/2017,Creative Cloud
Photoshop,Ashley,DIA,CIV,18,$17198.41,11/16/2017,Creative Cloud
Captivate,Ryan,FEMA,CIV,2,$92142.16,10/26/2017,Creative Cloud
Illustrator,Eric,DIA,CIV,18,$31276.60,1/24/2017,Connect
Acrobat,Hunter,CIA,DOD,25,$70242.03,7/30/2017,Connect
Photoshop,Ashley,NRO,DOD,23,$79610.43,7/2/2017,Creative Cloud
Captivate,Ashley,NRO,SLG,21,$12165.18,11/14/2017,Creative Cloud
Illustrator,Eric,FBI,CIV,28,$36677.73,1/26/2017,Connect
Illustrator,Ashley,DIA,DOD,26,$49117.37,10/16/2017,Creative Cloud
Acrobat,Ryan,NGA,SLG,25,$93748.62,9/20/2017,Creative Cloud
Acrobat,Ashley,NGA,CIV,7,$81629.86,4/18/2017,Creative Cloud
Acrobat,Hunter,NGA,DOD,18,$45214.98,4/19/2017,Connect
Illustrator,Ryan,FBI,SLG,14,$26520.53,6/23/2017,Creative Cloud
Photoshop,Eric,DIA,DOD,23,$12283.80,2/27/2017,Connect
Acrobat,Hunter,DIA,CIV,23,$33888.68,5/7/2017,Connect
Illustrator,Ryan,FEMA,CIV,15,$77185.55,6/2/2017,Creative Cloud
Photoshop,Gary,DIA,CIV,15,$78097.62,4/14/2017,Creative Cloud
Captivate,Ashley,FEMA,CIV,26,$64339.85,2/7/2017,Creative Cloud
Creative Cloud,Hunter,CIA,DOD,17,$80245.69,6/27/2017,Connect
Acrobat,Hunter,NRO,CIV,21,$87903.00,7/7/2017,Connect
Captivate,Gary,NGA,SLG,21,$3659.12,8/2/2017,Creative Cloud
Acrobat,Hunter,NGA,SLG,28,$16480.34,3/23/2017,Connect
Captivate,Gary,FBI,SLG,5,$37103.30,8/2/2017,Creative Cloud
Photoshop,Eric,NGA,DOD,26,$86266.51,9/19/2017,Connect
Photoshop,Eric,NGA,CIV,17,$68524.16,3/30/2017,Connect
Creative Cloud,Gary,FEMA,SLG,20,$32382.79,8/12/2017,Creative Cloud
Photoshop,Eric,NRO,DOD,3,$14790.43,11/12/2017,Connect
Illustrator,Eric,NRO,DOD,3,$89104.04,9/7/2017,Connect
Captivate,Eric,NGA,CIV,7,$46230.62,2/2/2017,Connect
Creative Cloud,Eric,FBI,DOD,27,$35627.45,1/5/2017,Connect
Acrobat,Gary,NRO,SLG,10,$22569.59,7/27/2017,Creative Cloud
Captivate,Gary,DIA,SLG,19,$52873.43,6/14/2017,Creative Cloud
Creative Cloud,Ashley,FEMA,SLG,4,$1143.53,3/2/2017,Creative Cloud
Captivate,Eric,FEMA,CIV,23,$82503.90,5/29/2017,Connect
Captivate,Hunter,FEMA,CIV,14,$1948.09,2/2/2017,Connect
Photoshop,Ryan,CIA,CIV,24,$15004.68,5/22/2017,Creative Cloud
Creative Cloud,Eric,NGA,DOD,22,$62286.03,7/28/2017,Connect
Photoshop,Eric,NRO,SLG,8,$99548.62,2/21/2017,Connect
Photoshop,Eric,FBI,CIV,28,$40373.26,4/23/2017,Connect
Illustrator,Hunter,CIA,CIV,25,$89198.62,9/30/2017,Connect
Acrobat,Eric,NRO,SLG,4,$22047.79,5/4/2017,Connect
Illustrator,Ashley,NRO,DOD,15,$66857.13,5/13/2017,Creative Cloud
Photoshop,Eric,NGA,DOD,7,$77047.03,12/26/2016,Connect
Acrobat,Gary,CIA,SLG,19,$85285.47,5/21/2017,Creative Cloud
Creative Cloud,Ryan,CIA,SLG,14,$41259.17,10/6/2017,Creative Cloud
Photoshop,Ashley,NGA,DOD,3,$27074.29,5/13/2017,Creative Cloud
Illustrator,Gary,DIA,SLG,22,$28716.24,12/6/2017,Creative Cloud
Acrobat,Eric,DIA,DOD,27,$30053.02,8/7/2017,Connect
Captivate,Gary,NGA,SLG,22,$15875.87,6/22/2017,Creative Cloud
Acrobat,Ashley,FEMA,CIV,10,$66665.81,8/29/2017,Creative Cloud
Illustrator,Ryan,CIA,CIV,30,$35213.73,8/25/2017,Creative Cloud
Photoshop,Eric,FEMA,CIV,21,$59248.82,10/8/2017,Connect
Captivate,Eric,FBI,DOD,23,$3340.01,10/31/2017,Connect
Creative Cloud,Eric,CIA,DOD,27,$76635.82,11/23/2017,Connect
Photoshop,Gary,FEMA,SLG,30,$92392.85,6/12/2017,Creative Cloud
Acrobat,Ryan,FEMA,DOD,8,$8983.85,10/7/2017,Creative Cloud
Creative Cloud,Gary,CIA,DOD,7,$76675.82,12/24/2016,Creative Cloud
Creative Cloud,Ashley,NRO,DOD,21,$35786.33,5/24/2017,Creative Cloud
Photoshop,Gary,NGA,SLG,6,$41429.78,11/18/2017,Creative Cloud
Captivate,Ryan,FBI,CIV,19,$61551.27,12/29/2016,Creative Cloud
Captivate,Hunter,CIA,SLG,20,$74345.87,8/3/2017,Connect
Photoshop,Eric,NRO,DOD,25,$7109.58,8/28/2017,Connect
Captivate,Ryan,NGA,SLG,18,$76641.44,4/3/2017,Creative Cloud
Illustrator,Gary,NRO,DOD,7,$44240.82,8/5/2017,Creative Cloud
Photoshop,Hunter,FBI,DOD,6,$44952.46,3/19/2017,Connect
Acrobat,Gary,DIA,DOD,9,$11053.73,10/21/2017,Creative Cloud
Creative Cloud,Ryan,NGA,CIV,5,$61992.99,5/6/2017,Creative Cloud
Photoshop,Ashley,CIA,SLG,26,$34586.13,8/9/2017,Creative Cloud
Photoshop,Hunter,NRO,CIV,13,$61250.24,8/28/2017,Connect
Acrobat,Eric,FEMA,CIV,1,$75524.55,5/1/2017,Connect
Captivate,Ryan,NGA,SLG,3,$80191.10,5/12/2017,Creative Cloud
Acrobat,Ashley,NRO,CIV,15,$85796.19,6/26/2017,Creative Cloud
Captivate,Eric,FBI,DOD,8,$44849.17,7/8/2017,Connect
Photoshop,Eric,CIA,SLG,20,$58772.77,2/6/2017,Connect
Acrobat,Hunter,FEMA,SLG,2,$14413.85,7/10/2017,Connect
Acrobat,Gary,NGA,SLG,8,$94753.37,8/12/2017,Creative Cloud
Creative Cloud,Eric,CIA,CIV,8,$9286.72,6/18/2017,Connect
Photoshop,Gary,DIA,SLG,8,$71306.16,5/24/2017,Creative Cloud
Acrobat,Hunter,NGA,DOD,28,$56046.74,10/11/2017,Connect
Photoshop,Eric,DIA,SLG,11,$74167.96,11/18/2017,Connect
Captivate,Eric,NGA,DOD,9,$57805.47,10/3/2017,Connect
Creative Cloud,Eric,DIA,CIV,22,$91481.47,1/23/2017,Connect
Photoshop,Ryan,CIA,DOD,8,$22146.44,10/20/2017,Creative Cloud
Captivate,Ashley,DIA,SLG,10,$22247.52,9/17/2017,Creative Cloud
Creative Cloud,Ryan,CIA,CIV,16,$76660.81,3/15/2017,Creative Cloud
Acrobat,Ryan,FEMA,DOD,2,$82712.47,7/7/2017,Creative Cloud
Acrobat,Hunter,CIA,DOD,9,$72937.42,10/24/2017,Connect
Illustrator,Eric,CIA,DOD,11,$26300.63,10/13/2017,Connect
Creative Cloud,Hunter,FEMA,DOD,19,$26448.86,4/16/2017,Connect
Captivate,Eric,NRO,SLG,6,$97945.09,10/6/2017,Connect
Illustrator,Gary,FBI,CIV,9,$96002.83,3/20/2017,Creative Cloud
Creative Cloud,Gary,NRO,CIV,30,$96863.53,9/9/2017,Creative Cloud
Captivate,Gary,FEMA,SLG,20,$23454.53,5/2/2017,Creative Cloud
Creative Cloud,Ashley,FBI,CIV,4,$70642.01,9/24/2017,Creative Cloud
Captivate,Gary,NGA,CIV,8,$7189.42,11/19/2017,Creative Cloud
Creative Cloud,Ashley,FEMA,SLG,14,$91555.62,9/1/2017,Creative Cloud
Acrobat,Ryan,FBI,SLG,15,$3234.60,4/9/2017,Creative Cloud
Captivate,Ryan,FBI,SLG,28,$23421.09,5/4/2017,Creative Cloud
Acrobat,Eric,FEMA,DOD,22,$68909.22,2/9/2017,Connect
Photoshop,Hunter,NRO,DOD,3,$12294.73,12/6/2017,Connect
Captivate,Ashley,FBI,SLG,14,$79558.46,9/10/2017,Creative Cloud
Acrobat,Ryan,NRO,DOD,2,$46802.92,3/17/2017,Creative Cloud
Illustrator,Ashley,DIA,DOD,18,$69543.91,9/13/2017,Creative Cloud
Illustrator,Ashley,CIA,DOD,15,$92770.04,9/25/2017,Creative Cloud
Captivate,Gary,NGA,CIV,10,$53411.13,5/30/2017,Creative Cloud
Creative Cloud,Gary,DIA,DOD,26,$69011.43,9/4/2017,Creative Cloud
Creative Cloud,Eric,FBI,DOD,29,$54531.35,4/17/2017,Connect
Creative Cloud,Gary,NRO,SLG,30,$76535.06,4/12/2017,Creative Cloud
Illustrator,Eric,FBI,CIV,17,$68935.72,6/30/2017,Connect
Illustrator,Eric,CIA,CIV,4,$33041.91,5/3/2017,Connect
Creative Cloud,Eric,DIA,CIV,30,$76109.62,2/9/2017,Connect
Photoshop,Ashley,FBI,SLG,3,$67708.00,11/23/2017,Creative Cloud
Illustrator,Ashley,CIA,CIV,13,$52215.44,4/20/2017,Creative Cloud
Illustrator,Eric,NGA,DOD,15,$8033.82,1/4/2017,Connect
Creative Cloud,Eric,NGA,SLG,30,$82623.05,10/16/2017,Connect
Photoshop,Hunter,NRO,SLG,19,$1330.81,8/8/2017,Connect
Creative Cloud,Gary,NRO,SLG,8,$70401.52,6/14/2017,Creative Cloud
Captivate,Ryan,CIA,DOD,5,$3881.09,4/17/2017,Creative Cloud
Acrobat,Ryan,DIA,DOD,14,$80116.39,7/21/2017,Creative Cloud
Captivate,Gary,DIA,CIV,2,$66642.43,4/22/2017,Creative Cloud
Photoshop,Hunter,CIA,SLG,16,$50434.80,8/22/2017,Connect
Creative Cloud,Ashley,CIA,CIV,4,$53311.55,2/26/2017,Creative Cloud
Photoshop,Gary,FBI,CIV,24,$98219.61,4/17/2017,Creative Cloud
Captivate,Ashley,FBI,DOD,9,$27511.29,4/4/2017,Creative Cloud
Illustrator,Ashley,DIA,CIV,20,$5973.80,7/26/2017,Creative Cloud
Captivate,Hunter,FBI,DOD,30,$53099.50,9/29/2017,Connect
Captivate,Ryan,DIA,DOD,22,$60235.29,12/20/2016,Creative Cloud
Creative Cloud,Gary,CIA,DOD,9,$15869.07,2/1/2017,Creative Cloud
Acrobat,Ryan,NRO,CIV,24,$96540.57,2/24/2017,Creative Cloud
Acrobat,Hunter,NRO,SLG,22,$85195.36,7/30/2017,Connect
Illustrator,Eric,NRO,DOD,17,$10943.03,6/15/2017,Connect
Creative Cloud,Hunter,DIA,DOD,5,$31251.58,2/17/2017,Connect
Illustrator,Ryan,DIA,DOD,24,$40064.66,8/17/2017,Creative Cloud
Photoshop,Hunter,NRO,SLG,12,$97411.81,6/17/2017,Connect
Photoshop,Eric,FBI,SLG,22,$96382.50,6/19/2017,Connect
Photoshop,Ashley,NGA,DOD,30,$72553.48,4/17/2017,Creative Cloud
Creative Cloud,Ashley,FBI,CIV,16,$38585.77,3/6/2017,Creative Cloud
Photoshop,Gary,NRO,SLG,10,$89052.75,5/4/2017,Creative Cloud
Captivate,Eric,NGA,DOD,20,$77083.13,3/7/2017,Connect
Photoshop,Ashley,NRO,DOD,18,$43763.34,4/10/2017,Creative Cloud
Acrobat,Gary,NRO,CIV,21,$55846.57,4/8/2017,Creative Cloud
Photoshop,Ryan,CIA,CIV,4,$2702.65,4/7/2017,Creative Cloud
Illustrator,Ryan,NRO,SLG,26,$49995.27,12/15/2016,Creative Cloud
Illustrator,Gary,DIA,SLG,24,$67764.31,8/8/2017,Creative Cloud
Captivate,Ryan,DIA,DOD,1,$40776.33,12/12/2017,Creative Cloud
Captivate,Ashley,CIA,DOD,25,$90404.92,7/8/2017,Creative Cloud
Illustrator,Hunter,FEMA,CIV,25,$68646.07,9/1/2017,Connect
Acrobat,Hunter,FBI,DOD,28,$67723.45,4/23/2017,Connect
Acrobat,Hunter,FBI,CIV,16,$74698.98,5/15/2017,Connect
Captivate,Ashley,NGA,CIV,15,$51056.51,12/19/2016,Creative Cloud
Acrobat,Eric,FBI,SLG,27,$91964.44,10/14/2017,Connect
Acrobat,Ryan,NGA,SLG,21,$61078.02,5/15/2017,Creative Cloud
Illustrator,Hunter,FEMA,SLG,6,$44374.35,9/10/2017,Connect
Illustrator,Gary,FBI,CIV,9,$41722.51,7/31/2017,Creative Cloud
Acrobat,Eric,CIA,SLG,9,$90058.76,9/29/2017,Connect
Captivate,Ashley,FEMA,SLG,23,$36432.89,2/13/2017,Creative Cloud
Illustrator,Eric,FEMA,DOD,5,$90377.17,7/19/2017,Connect
Photoshop,Ryan,DIA,DOD,10,$36623.74,1/24/2017,Creative Cloud
Captivate,Eric,DIA,CIV,16,$79267.17,11/4/2017,Connect
Photoshop,Gary,FEMA,CIV,29,$70292.95,2/27/2017,Creative Cloud
Captivate,Hunter,NGA,SLG,26,$59477.03,8/16/2017,Connect
Illustrator,Eric,CIA,CIV,13,$15702.70,11/27/2017,Connect
Captivate,Hunter,DIA,DOD,18,$1402.93,2/12/2017,Connect
Illustrator,Hunter,DIA,CIV,2,$80182.52,10/21/2017,Connect
Creative Cloud,Gary,CIA,CIV,17,$49497.98,6/7/2017,Creative Cloud
Acrobat,Eric,FEMA,CIV,10,$96423.28,8/2/2017,Connect
Photoshop,Eric,NRO,CIV,23,$64008.25,4/11/2017,Connect
Acrobat,Hunter,DIA,CIV,12,$73734.43,11/12/2017,Connect
Captivate,Hunter,DIA,DOD,23,$64510.07,5/30/2017,Connect
Photoshop,Gary,NRO,CIV,19,$69787.03,8/18/2017,Creative Cloud
Captivate,Eric,DIA,CIV,3,$10626.56,12/18/2016,Connect
Illustrator,Gary,DIA,CIV,26,$84654.91,6/17/2017,Creative Cloud
Creative Cloud,Hunter,DIA,CIV,27,$38967.24,6/23/2017,Connect
Captivate,Gary,NRO,DOD,5,$51499.60,1/27/2017,Creative Cloud
Creative Cloud,Hunter,NGA,CIV,19,$43948.44,12/5/2017,Connect
Creative Cloud,Eric,NRO,CIV,25,$30414.07,1/24/2017,Connect
Photoshop,Ashley,NGA,SLG,9,$14690.53,8/1/2017,Creative Cloud
Photoshop,Ryan,CIA,DOD,18,$87433.38,3/26/2017,Creative Cloud
Acrobat,Ashley,FEMA,SLG,17,$97273.79,9/29/2017,Creative Cloud
Acrobat,Ryan,CIA,CIV,19,$21350.28,12/12/2017,Creative Cloud
Creative Cloud,Eric,FBI,SLG,24,$56829.35,5/29/2017,Connect
Photoshop,Eric,FBI,CIV,4,$33601.18,4/19/2017,Connect
Captivate,Ryan,NRO,CIV,29,$53818.91,7/11/2017,Creative Cloud
Illustrator,Ryan,CIA,CIV,7,$49072.74,1/10/2017,Creative Cloud
Acrobat,Ashley,FEMA,DOD,21,$84732.98,9/16/2017,Creative Cloud
Captivate,Ryan,NRO,DOD,20,$96463.88,1/4/2017,Creative Cloud
Acrobat,Hunter,FBI,DOD,29,$79247.56,6/26/2017,Connect
Illustrator,Ashley,FBI,SLG,10,$13792.96,5/14/2017,Creative Cloud
Photoshop,Hunter,NGA,CIV,25,$13595.76,10/11/2017,Connect
Illustrator,Ashley,FBI,SLG,30,$47834.33,6/1/2017,Creative Cloud
Creative Cloud,Ryan,DIA,SLG,11,$36459.97,7/1/2017,Creative Cloud
Captivate,Ashley,NRO,DOD,15,$28017.65,12/1/2017,Creative Cloud
Creative Cloud,Ryan,FBI,SLG,3,$6921.21,2/27/2017,Creative Cloud
Acrobat,Hunter,NGA,CIV,3,$19085.41,7/20/2017,Connect
Captivate,Eric,FEMA,CIV,28,$59349.52,1/28/2017,Connect
Creative Cloud,Gary,NGA,DOD,21,$60132.21,9/10/2017,Creative Cloud
Acrobat,Eric,FEMA,SLG,24,$4244.78,7/26/2017,Connect
Creative Cloud,Ryan,DIA,SLG,1,$27806.10,8/2/2017,Creative Cloud
Creative Cloud,Eric,FBI,SLG,15,$83423.51,9/11/2017,Connect
Photoshop,Hunter,NGA,SLG,14,$95103.34,12/14/2016,Connect
Photoshop,Ryan,FBI,CIV,26,$63321.15,7/9/2017,Creative Cloud
Acrobat,Gary,NGA,SLG,5,$32691.08,12/20/2016,Creative Cloud
Illustrator,Ashley,NRO,SLG,15,$97251.08,9/22/2017,Creative Cloud
Captivate,Eric,CIA,DOD,1,$84585.39,12/30/2016,Connect
Captivate,Hunter,CIA,DOD,12,$42347.51,10/1/2017,Connect
Photoshop,Ryan,NRO,DOD,18,$20346.54,10/25/2017,Creative Cloud
Creative Cloud,Hunter,NGA,SLG,30,$14861.81,1/2/2017,Connect
Creative Cloud,Ashley,DIA,SLG,29,$68183.36,8/18/2017,Creative Cloud
Acrobat,Eric,NRO,DOD,1,$48156.04,2/3/2017,Connect
Captivate,Eric,NRO,CIV,25,$87537.75,8/28/2017,Connect
Captivate,Ryan,CIA,CIV,28,$78865.27,4/5/2017,Creative Cloud
Photoshop,Ashley,FEMA,SLG,21,$84144.96,5/16/2017,Creative Cloud
Acrobat,Ryan,FBI,SLG,14,$45135.39,12/10/2017,Creative Cloud
Illustrator,Gary,FEMA,SLG,29,$92361.27,8/22/2017,Creative Cloud
Photoshop,Ryan,DIA,SLG,17,$38461.78,5/14/2017,Creative Cloud
Creative Cloud,Hunter,CIA,DOD,9,$49823.28,3/24/2017,Connect
Creative Cloud,Gary,FEMA,CIV,2,$32021.31,4/1/2017,Creative Cloud
Illustrator,Ryan,FEMA,DOD,12,$97931.26,9/20/2017,Creative Cloud
Photoshop,Gary,NRO,DOD,14,$96846.42,10/6/2017,Creative Cloud
Photoshop,Hunter,CIA,SLG,19,$54783.72,5/20/2017,Connect
Illustrator,Eric,FEMA,CIV,26,$33266.01,8/30/2017,Connect
Captivate,Eric,NGA,CIV,21,$37987.82,7/9/2017,Connect
Captivate,Ryan,CIA,SLG,9,$24069.64,2/24/2017,Creative Cloud
Creative Cloud,Hunter,NRO,SLG,28,$19624.02,3/6/2017,Connect
Acrobat,Ashley,NGA,SLG,10,$15187.74,9/20/2017,Creative Cloud
Illustrator,Ryan,DIA,DOD,12,$69708.06,4/24/2017,Creative Cloud
Creative Cloud,Eric,CIA,DOD,22,$98316.48,6/24/2017,Connect
Acrobat,Ryan,DIA,SLG,18,$58305.63,2/10/2017,Creative Cloud
Illustrator,Hunter,FEMA,SLG,26,$86729.62,5/20/2017,Connect
Acrobat,Eric,DIA,DOD,11,$62625.12,10/2/2017,Connect
Acrobat,Ryan,DIA,CIV,13,$59138.18,10/22/2017,Creative Cloud
Captivate,Gary,NRO,CIV,22,$36385.85,12/31/2016,Creative Cloud
Illustrator,Eric,FBI,SLG,27,$66615.24,12/11/2017,Connect
Illustrator,Ryan,FBI,SLG,5,$73269.46,9/9/2017,Creative Cloud
Photoshop,Gary,FBI,SLG,26,$65672.23,8/31/2017,Creative Cloud
Creative Cloud,Hunter,CIA,CIV,12,$46728.69,11/21/2017,Connect
Captivate,Eric,DIA,DOD,15,$47584.03,11/10/2017,Connect
Illustrator,Gary,FEMA,CIV,22,$23517.38,5/31/2017,Creative Cloud
Captivate,Gary,FBI,CIV,30,$48307.77,7/12/2017,Creative Cloud
Captivate,Eric,FBI,CIV,3,$79878.20,12/10/2017,Connect
Illustrator,Ryan,FBI,CIV,1,$11514.63,8/2/2017,Creative Cloud
Acrobat,Eric,NRO,DOD,5,$51590.64,5/17/2017,Connect
Illustrator,Gary,CIA,CIV,5,$81966.26,12/29/2016,Creative Cloud
Photoshop,Eric,NRO,DOD,27,$71241.89,11/9/2017,Connect
Photoshop,Eric,NRO,DOD,13,$12399.73,4/12/2017,Connect
Photoshop,Ashley,FBI,CIV,7,$98258.21,7/28/2017,Creative Cloud
Acrobat,Eric,FEMA,DOD,2,$7386.50,10/20/2017,Connect
Illustrator,Ryan,FBI,DOD,23,$70102.14,7/12/2017,Creative Cloud
Illustrator,Hunter,NGA,SLG,16,$6731.18,1/6/2017,Connect
Illustrator,Ashley,FEMA,CIV,2,$36391.90,10/21/2017,Creative Cloud
Captivate,Gary,NGA,DOD,30,$35152.92,7/22/2017,Creative Cloud
Illustrator,Gary,FEMA,DOD,22,$25288.28,9/3/2017,Creative Cloud
Captivate,Eric,CIA,DOD,21,$1201.47,2/15/2017,Connect
Captivate,Hunter,DIA,SLG,11,$8373.61,10/23/2017,Connect
Photoshop,Ashley,NRO,CIV,27,$11231.68,7/25/2017,Creative Cloud
Photoshop,Eric,FEMA,DOD,14,$917.12,9/24/2017,Connect
Captivate,Ryan,NGA,SLG,10,$26248.81,11/23/2017,Creative Cloud
Acrobat,Ryan,NRO,CIV,4,$83861.21,8/30/2017,Creative Cloud
Captivate,Ashley,DIA,SLG,13,$51262.02,9/17/2017,Creative Cloud
Photoshop,Hunter,DIA,DOD,24,$48027.59,10/21/2017,Connect
Captivate,Ashley,CIA,SLG,22,$33240.47,8/18/2017,Creative Cloud
Photoshop,Hunter,NRO,DOD,16,$36122.59,4/1/2017,Connect
Illustrator,Eric,DIA,SLG,29,$63978.70,10/8/2017,Connect
Acrobat,Ryan,FBI,CIV,27,$8989.48,8/30/2017,Creative Cloud
Creative Cloud,Eric,NRO,CIV,24,$41973.11,3/6/2017,Connect
Acrobat,Hunter,NRO,CIV,11,$70614.57,3/16/2017,Connect
Creative Cloud,Hunter,FEMA,CIV,11,$3437.85,1/25/2017,Connect
Acrobat,Hunter,FEMA,CIV,22,$72162.27,6/6/2017,Connect
Acrobat,Ashley,CIA,CIV,9,$60290.98,4/13/2017,Creative Cloud
Captivate,Ryan,FBI,DOD,8,$29811.84,1/12/2017,Creative Cloud
Illustrator,Gary,NGA,SLG,28,$95719.13,7/14/2017,Creative Cloud
Photoshop,Eric,CIA,DOD,20,$76411.44,1/6/2017,Connect
Captivate,Gary,DIA,SLG,21,$76013.02,12/21/2016,Creative Cloud
Creative Cloud,Eric,FBI,DOD,20,$1512.22,12/23/2016,Connect
Creative Cloud,Ashley,CIA,CIV,30,$93275.96,4/5/2017,Creative Cloud
Illustrator,Gary,FBI,SLG,9,$92614.10,12/21/2016,Creative Cloud
Photoshop,Eric,NGA,SLG,20,$68977.47,5/6/2017,Connect
Acrobat,Ashley,DIA,DOD,8,$21031.96,10/3/2017,Creative Cloud
Captivate,Eric,FEMA,DOD,3,$29916.55,7/17/2017,Connect
Acrobat,Ashley,NGA,DOD,2,$17508.21,3/3/2017,Creative Cloud
Photoshop,Gary,CIA,SLG,16,$86146.77,8/31/2017,Creative Cloud
Illustrator,Ryan,NRO,DOD,30,$83100.69,7/25/2017,Creative Cloud
Creative Cloud,Gary,DIA,SLG,5,$57810.19,5/5/2017,Creative Cloud
Photoshop,Ashley,FBI,SLG,7,$42209.42,2/25/2017,Creative Cloud
Acrobat,Ryan,DIA,CIV,27,$10528.22,12/12/2017,Creative Cloud
Captivate,Ashley,NGA,CIV,26,$94339.31,8/3/2017,Creative Cloud
Photoshop,Eric,DIA,CIV,25,$62981.96,12/1/2017,Connect
Photoshop,Eric,CIA,SLG,7,$91874.96,4/22/2017,Connect
Captivate,Ashley,FBI,DOD,25,$34789.60,7/4/2017,Creative Cloud
Illustrator,Hunter,NGA,CIV,14,$27257.08,10/28/2017,Connect
Acrobat,Eric,FEMA,CIV,25,$83814.09,2/17/2017,Connect
Acrobat,Gary,FBI,SLG,26,$34333.39,11/7/2017,Creative Cloud
Captivate,Ashley,NRO,SLG,6,$12102.48,9/18/2017,Creative Cloud
Creative Cloud,Eric,DIA,DOD,1,$36394.54,7/30/2017,Connect
Photoshop,Ashley,FBI,DOD,5,$87075.96,2/23/2017,Creative Cloud
Photoshop,Eric,CIA,CIV,23,$64305.38,2/1/2017,Connect
Creative Cloud,Ashley,DIA,DOD,5,$2305.56,1/3/2017,Creative Cloud
Illustrator,Hunter,CIA,SLG,8,$61428.52,12/30/2016,Connect
Creative Cloud,Eric,NRO,CIV,23,$32500.66,10/27/2017,Connect
Acrobat,Ryan,FEMA,CIV,27,$69548.98,3/28/2017,Creative Cloud
Creative Cloud,Ryan,DIA,SLG,3,$52342.11,5/18/2017,Creative Cloud
Illustrator,Ryan,FBI,DOD,23,$71632.05,8/8/2017,Creative Cloud
Photoshop,Eric,NGA,CIV,21,$98346.05,5/27/2017,Connect
Photoshop,Ryan,FBI,DOD,7,$71756.94,2/22/2017,Creative Cloud
Captivate,Hunter,DIA,SLG,19,$9323.00,7/22/2017,Connect
Captivate,Gary,NGA,DOD,10,$33810.97,2/24/2017,Creative Cloud
Captivate,Hunter,NRO,SLG,6,$88765.59,12/23/2016,Connect
Creative Cloud,Ashley,DIA,SLG,11,$47748.83,12/4/2017,Creative Cloud
Illustrator,Ryan,NRO,SLG,21,$72367.37,4/25/2017,Creative Cloud
Creative Cloud,Eric,DIA,SLG,2,$48828.59,9/27/2017,Connect
Photoshop,Eric,FEMA,SLG,12,$17453.15,10/8/2017,Connect
Creative Cloud,Ashley,NGA,CIV,18,$6664.15,11/8/2017,Creative Cloud
Creative Cloud,Gary,NRO,CIV,9,$58533.34,2/20/2017,Creative Cloud
Captivate,Ashley,NRO,CIV,26,$71530.32,5/26/2017,Creative Cloud
Captivate,Eric,NGA,DOD,27,$91014.13,1/14/2017,Connect
Creative Cloud,Eric,NGA,SLG,29,$63143.61,12/14/2016,Connect
Captivate,Ryan,NRO,SLG,24,$88421.53,5/11/2017,Creative Cloud
Creative Cloud,Eric,NGA,CIV,24,$47681.68,8/7/2017,Connect
Captivate,Ashley,NRO,CIV,28,$66197.81,12/12/2017,Creative Cloud
Illustrator,Gary,FBI,SLG,5,$62755.95,2/1/2017,Creative Cloud
Photoshop,Eric,CIA,SLG,16,$15551.66,10/18/2017,Connect
Photoshop,Gary,FEMA,CIV,1,$58639.07,8/24/2017,Creative Cloud
Illustrator,Ryan,DIA,DOD,17,$23789.27,3/23/2017,Creative Cloud
Photoshop,Ashley,DIA,CIV,5,$12639.60,2/20/2017,Creative Cloud
Photoshop,Ashley,FBI,SLG,21,$1906.08,10/30/2017,Creative Cloud
Acrobat,Ryan,FEMA,DOD,25,$80419.38,5/27/2017,Creative Cloud
Captivate,Gary,FEMA,SLG,5,$82394.82,10/12/2017,Creative Cloud
Illustrator,Gary,FBI,SLG,18,$64138.76,10/26/2017,Creative Cloud
Captivate,Hunter,NGA,DOD,17,$18717.36,5/16/2017,Connect
Acrobat,Gary,FBI,DOD,10,$8342.78,5/27/2017,Creative Cloud
Illustrator,Ashley,FEMA,CIV,30,$58764.65,3/9/2017,Creative Cloud
Illustrator,Eric,NRO,SLG,11,$24997.06,11/21/2017,Connect
Photoshop,Gary,FBI,SLG,2,$73347.59,1/6/2017,Creative Cloud
Creative Cloud,Ryan,NRO,SLG,9,$20168.94,1/25/2017,Creative Cloud
Acrobat,Eric,NGA,CIV,12,$75471.46,7/9/2017,Connect
Acrobat,Hunter,FEMA,SLG,28,$65002.51,11/7/2017,Connect
Captivate,Hunter,NGA,SLG,30,$9609.23,9/3/2017,Connect
Illustrator,Hunter,FBI,DOD,16,$73282.46,10/19/2017,Connect
Illustrator,Ashley,NGA,CIV,6,$76416.98,7/20/2017,Creative Cloud
Illustrator,Eric,FBI,CIV,1,$79139.56,12/24/2016,Connect
Creative Cloud,Gary,FEMA,SLG,18,$56120.76,7/23/2017,Creative Cloud
Photoshop,Hunter,NGA,SLG,8,$56670.32,5/16/2017,Connect
Creative Cloud,Hunter,CIA,SLG,12,$39459.21,8/15/2017,Connect
Illustrator,Ryan,DIA,CIV,9,$58409.50,1/14/2017,Creative Cloud
Acrobat,Ryan,FEMA,CIV,3,$89574.67,4/11/2017,Creative Cloud
Captivate,Eric,NRO,SLG,27,$8690.54,10/23/2017,Connect
Illustrator,Ashley,CIA,DOD,30,$96561.37,7/14/2017,Creative Cloud
Illustrator,Hunter,DIA,SLG,15,$58842.67,3/21/2017,Connect
Creative Cloud,Gary,NGA,SLG,13,$19818.56,5/9/2017,Creative Cloud
Creative Cloud,Eric,FEMA,SLG,22,$29913.56,2/24/2017,Connect
Photoshop,Ashley,NRO,CIV,8,$26234.45,9/3/2017,Creative Cloud
Illustrator,Eric,DIA,SLG,22,$95236.22,9/16/2017,Connect
Illustrator,Ryan,FEMA,DOD,9,$38256.38,3/20/2017,Creative Cloud
Acrobat,Ryan,CIA,DOD,28,$24800.38,10/16/2017,Creative Cloud
Illustrator,Hunter,DIA,DOD,16,$25249.20,9/12/2017,Connect
Acrobat,Gary,NRO,DOD,28,$75005.36,11/18/2017,Creative Cloud
Photoshop,Eric,NGA,SLG,15,$36586.99,11/29/2017,Connect
Photoshop,Ryan,CIA,DOD,20,$88428.25,12/21/2016,Creative Cloud
Captivate,Gary,FEMA,DOD,8,$28594.16,8/19/2017,Creative Cloud
Acrobat,Hunter,CIA,DOD,11,$12914.04,9/17/2017,Connect
Captivate,Eric,FEMA,DOD,9,$33834.91,2/9/2017,Connect
Captivate,Ashley,FEMA,CIV,13,$66557.68,1/20/2017,Creative Cloud
Creative Cloud,Gary,FBI,DOD,7,$47619.92,4/4/2017,Creative Cloud
Acrobat,Eric,DIA,CIV,18,$26265.02,8/18/2017,Connect
Acrobat,Gary,FEMA,SLG,5,$91525.06,11/9/2017,Creative Cloud
Creative Cloud,Hunter,CIA,CIV,5,$83421.08,4/25/2017,Connect
Photoshop,Hunter,CIA,DOD,28,$4075.18,9/23/2017,Connect
Illustrator,Hunter,CIA,SLG,7,$84415.90,3/16/2017,Connect
Acrobat,Ashley,FBI,DOD,8,$15989.20,7/23/2017,Creative Cloud
Creative Cloud,Hunter,CIA,DOD,13,$16377.83,6/28/2017,Connect
Captivate,Hunter,DIA,DOD,8,$9312.07,3/27/2017,Connect
Illustrator,Gary,CIA,DOD,9,$90707.70,4/11/2017,Creative Cloud
Illustrator,Eric,NRO,SLG,21,$46258.67,6/7/2017,Connect
Illustrator,Gary,DIA,DOD,10,$59008.12,1/19/2017,Creative Cloud
Photoshop,Gary,CIA,SLG,15,$15468.32,1/7/2017,Creative Cloud
Photoshop,Ashley,FEMA,DOD,27,$79625.96,1/10/2017,Creative Cloud
Illustrator,Gary,CIA,DOD,13,$34392.10,12/16/2016,Creative Cloud
Acrobat,Eric,FBI,DOD,3,$94854.88,3/30/2017,Connect
Acrobat,Ryan,NGA,SLG,12,$82668.21,9/26/2017,Creative Cloud
Captivate,Hunter,DIA,DOD,15,$43058.41,10/6/2017,Connect
Photoshop,Ryan,FBI,DOD,10,$71395.11,2/19/2017,Creative Cloud
Illustrator,Hunter,FEMA,CIV,5,$58038.32,10/28/2017,Connect
Photoshop,Ryan,NRO,DOD,20,$96333.09,4/22/2017,Creative Cloud
Illustrator,Eric,NGA,CIV,30,$29249.56,10/27/2017,Connect
Photoshop,Hunter,FBI,SLG,6,$60167.14,3/1/2017,Connect
Photoshop,Ashley,FBI,DOD,6,$36707.28,6/26/2017,Creative Cloud
Photoshop,Ashley,FEMA,DOD,3,$57691.58,11/2/2017,Creative Cloud
Illustrator,Eric,CIA,CIV,19,$47269.87,12/8/2017,Connect
Captivate,Ryan,FEMA,SLG,25,$21406.28,12/31/2016,Creative Cloud
Creative Cloud,Ryan,NGA,DOD,8,$13526.58,12/29/2016,Creative Cloud
Illustrator,Eric,NGA,CIV,23,$78272.22,1/7/2017,Connect
Illustrator,Ashley,DIA,DOD,16,$63529.59,12/18/2016,Creative Cloud
Captivate,Eric,FEMA,CIV,15,$66301.32,6/26/2017,Connect
Captivate,Ryan,NRO,CIV,20,$59112.14,4/15/2017,Creative Cloud
Captivate,Eric,NRO,SLG,22,$31438.79,2/20/2017,Connect
Photoshop,Ryan,FBI,CIV,29,$71839.44,7/25/2017,Creative Cloud
Photoshop,Eric,NRO,CIV,5,$35263.92,8/30/2017,Connect
Acrobat,Hunter,FBI,CIV,27,$60411.55,9/11/2017,Connect
Photoshop,Gary,CIA,SLG,12,$40561.24,6/24/2017,Creative Cloud
Illustrator,Gary,FEMA,SLG,16,$87180.23,5/28/2017,Creative Cloud
Illustrator,Eric,NGA,SLG,30,$29858.91,9/10/2017,Connect
Illustrator,Hunter,DIA,SLG,11,$14013.89,12/8/2017,Connect
Acrobat,Ryan,DIA,DOD,28,$25930.73,6/4/2017,Creative Cloud
Illustrator,Gary,DIA,DOD,25,$48895.71,3/19/2017,Creative Cloud
Captivate,Gary,FEMA,SLG,10,$72040.21,12/10/2017,Creative Cloud
Photoshop,Ryan,NRO,DOD,18,$94357.44,9/30/2017,Creative Cloud
Photoshop,Hunter,FBI,SLG,17,$67416.76,12/17/2016,Connect
Acrobat,Ashley,CIA,SLG,23,$19881.43,9/26/2017,Creative Cloud
Photoshop,Gary,FEMA,CIV,23,$57551.08,11/7/2017,Creative Cloud
Captivate,Ryan,NGA,SLG,15,$95366.54,6/25/2017,Creative Cloud
Captivate,Gary,FBI,CIV,2,$36000.60,12/3/2017,Creative Cloud
Creative Cloud,Ryan,FBI,CIV,10,$66596.10,11/16/2017,Creative Cloud
Acrobat,Ashley,NGA,SLG,27,$35556.35,3/4/2017,Creative Cloud
Acrobat,Ryan,DIA,CIV,9,$96852.96,3/6/2017,Creative Cloud
Photoshop,Hunter,CIA,DOD,20,$36644.71,1/22/2017,Connect
Acrobat,Ryan,FBI,DOD,19,$6927.25,3/8/2017,Creative Cloud
Creative Cloud,Hunter,NRO,CIV,19,$59544.79,3/18/2017,Connect
Acrobat,Ryan,NRO,DOD,19,$70145.75,5/28/2017,Creative Cloud
Illustrator,Gary,CIA,CIV,26,$92599.31,5/26/2017,Creative Cloud
Photoshop,Ryan,FBI,CIV,3,$36107.63,8/6/2017,Creative Cloud
Acrobat,Hunter,CIA,DOD,22,$52009.30,11/6/2017,Connect
Illustrator,Ashley,NRO,DOD,15,$44679.08,1/21/2017,Creative Cloud
Captivate,Ryan,NRO,CIV,11,$94188.14,10/22/2017,Creative Cloud
Acrobat,Ashley,FEMA,CIV,8,$79966.06,8/26/2017,Creative Cloud
Captivate,Gary,NRO,DOD,29,$81589.13,4/16/2017,Creative Cloud
Photoshop,Eric,CIA,DOD,30,$48087.27,10/2/2017,Connect
Illustrator,Hunter,DIA,DOD,18,$48295.96,11/29/2017,Connect
Photoshop,Hunter,CIA,DOD,18,$72085.23,8/5/2017,Connect
Captivate,Eric,NGA,CIV,25,$88972.68,6/20/2017,Connect
Illustrator,Ashley,DIA,CIV,13,$77463.30,11/30/2017,Creative Cloud
Acrobat,Gary,FEMA,CIV,25,$52963.01,3/6/2017,Creative Cloud
Creative Cloud,Ryan,FBI,CIV,7,$34483.12,5/26/2017,Creative Cloud
Illustrator,Eric,NRO,CIV,5,$64241.97,4/24/2017,Connect
Captivate,Eric,NGA,DOD,22,$99941.63,12/17/2016,Connect
Photoshop,Ashley,FEMA,CIV,18,$18469.33,5/7/2017,Creative Cloud
Acrobat,Ryan,NGA,SLG,7,$52580.99,12/11/2017,Creative Cloud
Acrobat,Ryan,NRO,CIV,24,$28744.19,3/18/2017,Creative Cloud
Photoshop,Ryan,NGA,DOD,7,$51645.59,6/19/2017,Creative Cloud
Creative Cloud,Gary,NGA,SLG,10,$23314.93,6/15/2017,Creative Cloud
Acrobat,Gary,DIA,SLG,9,$66022.50,6/22/2017,Creative Cloud
Illustrator,Hunter,NGA,DOD,23,$41322.39,10/7/2017,Connect
Illustrator,Ryan,FEMA,DOD,28,$17054.58,12/14/2016,Creative Cloud
Photoshop,Eric,FBI,DOD,15,$67899.40,11/19/2017,Connect
Illustrator,Gary,CIA,CIV,9,$31887.15,3/3/2017,Creative Cloud
Acrobat,Hunter,NGA,SLG,21,$56342.98,2/2/2017,Connect
Captivate,Ryan,CIA,SLG,16,$81854.14,2/19/2017,Creative Cloud
Creative Cloud,Ryan,FBI,SLG,3,$52051.59,3/7/2017,Creative Cloud
Photoshop,Gary,FEMA,DOD,15,$19648.11,6/29/2017,Creative Cloud
Captivate,Eric,FEMA,SLG,30,$57163.03,8/31/2017,Connect
Captivate,Hunter,NGA,SLG,25,$36618.13,12/26/2016,Connect
Captivate,Ashley,NRO,SLG,7,$62701.98,4/21/2017,Creative Cloud
Photoshop,Eric,FBI,CIV,19,$97452.81,7/29/2017,Connect
Illustrator,Gary,NRO,DOD,2,$9010.68,4/9/2017,Creative Cloud
Illustrator,Hunter,CIA,SLG,15,$85299.07,2/19/2017,Connect
Captivate,Gary,CIA,DOD,3,$84743.09,12/3/2017,Creative Cloud
Acrobat,Ashley,FEMA,DOD,26,$34423.02,6/5/2017,Creative Cloud
Photoshop,Ryan,DIA,SLG,9,$25507.08,9/10/2017,Creative Cloud
Illustrator,Hunter,FEMA,DOD,10,$42862.42,6/27/2017,Connect
Acrobat,Gary,NRO,SLG,1,$26832.34,8/18/2017,Creative Cloud
Photoshop,Eric,NRO,SLG,26,$13700.49,2/20/2017,Connect
Captivate,Ryan,FBI,SLG,18,$31925.91,11/22/2017,Creative Cloud
Acrobat,Gary,FBI,SLG,9,$42348.42,8/19/2017,Creative Cloud
Acrobat,Gary,FEMA,DOD,17,$50033.98,4/7/2017,Creative Cloud
Acrobat,Ryan,CIA,SLG,12,$11016.31,3/27/2017,Creative Cloud
Illustrator,Hunter,NGA,SLG,24,$27936.80,2/27/2017,Connect
Acrobat,Ryan,FEMA,SLG,8,$14161.35,4/23/2017,Creative Cloud
Acrobat,Ashley,DIA,CIV,16,$53403.88,1/22/2017,Creative Cloud
Illustrator,Ryan,FEMA,SLG,30,$76215.88,10/28/2017,Creative Cloud
Acrobat,Eric,FEMA,SLG,23,$93736.77,3/7/2017,Connect
Creative Cloud,Hunter,FBI,CIV,21,$73112.96,6/9/2017,Connect
Acrobat,Gary,CIA,DOD,14,$2637.95,11/16/2017,Creative Cloud
Acrobat,Ryan,NGA,SLG,22,$71810.58,7/3/2017,Creative Cloud
Acrobat,Ryan,FBI,DOD,18,$20046.54,5/9/2017,Creative Cloud
Captivate,Eric,NRO,SLG,1,$84937.72,10/15/2017,Connect
Photoshop,Ashley,CIA,SLG,30,$1243.74,2/18/2017,Creative Cloud